time,type,corr
t2,rhizo,0.5510000000000002
t2,soil,0.2989999999999995
t3,rhizo,-0.8620000000000001
t3,soil,0
