id,qty_ng,fert,fung,block,row,time,subject
198,2625.272646,no,no,b,1,t2,1
201,1862.126188,no,no,c,1,t2,2
206,942.2398557,yes,no,b,1,t2,6
212,860.4687229,no,yes,b,1,t2,11
216,1163.184476,yes,yes,b,1,t2,16
224,1631.859479,no,yes,c,2,t2,12
226,1790.264858,no,yes,e,2,t2,13
232,1333.589403,no,no,d,2,t2,3
234,1102.033319,yes,yes,c,2,t2,17
237,1150.124744,yes,no,c,2,t2,7
247,1633.747875,yes,no,d,3,t2,8
251,1139.951775,yes,no,f,3,t2,9
253,1476.409097,yes,yes,f,3,t2,18
259,1173.040193,no,no,e,3,t2,4
263,1262.444203,no,yes,f,3,t2,14
269,1323.611665,yes,yes,e,4,t2,19
276,1641.966088,yes,yes,d,4,t2,20
279,941.7220482,no,yes,d,4,t2,15
281,1797.251559,yes,no,e,4,t2,10
286,1339.947667,no,no,f,4,t2,5
294,6661.113194,no,no,b,1,t3,1
297,5911.36019,no,no,c,1,t3,2
302,4751.329459,yes,no,b,1,t3,6
308,5507.009969,no,yes,b,1,t3,11
312,4532.423721,yes,yes,b,1,t3,16
320,5103.300159,no,yes,c,2,t3,12
322,4561.819579,no,yes,d,2,t3,13
328,5596.49911,no,no,d,2,t3,3
330,687.3657683,yes,yes,c,2,t3,17
333,5013.325672,yes,no,c,2,t3,7
343,5272.359535,yes,no,d,3,t3,8
347,6063.796382,yes,no,e,3,t3,9
349,5165.727577,yes,yes,d,3,t3,18
355,5143.832185,no,no,e,3,t3,4
359,3732.098429,no,yes,e,3,t3,14
365,3646.520503,yes,yes,e,4,t3,19
372,3921.940495,yes,yes,f,4,t3,20
375,6048.692561,no,yes,f,4,t3,15
377,7388.448764,yes,no,f,4,t3,10
382,6714.119667,no,no,f,4,t3,5
